iae_code;iae_name
"1.612.3";"Venta al por mayor de frutas y verduras, patatas, legumbres frescas"
"1.612.4";"Venta al por mayor de carnes, huevos, aves y caza"
"1.612.5";"Venta al por mayor de leche, productos lácteos, miel, aceites y grasas"
"1.612.6";"Venta al por mayor de bebidas y tabaco"
"1.612.7";"Venta al por mayor de vinos y vinagres del país"
"1.612.8";"Venta al por mayor de pescados y otros productos de pesca y acuicultura"
"1.612.9";"Venta al por mayor de otros productos alimenticios, helados de todas clases"
"1.613.1";"Venta al por mayor de productos textiles, confección calzado y artículos cuero"
"1.613.2";"Venta al por mayor de tejidos por metros textiles para el hogar, alfombras"
"1.613.3";"Venta al por mayor de prendas exteriores de vestir"
"1.613.4";"Venta al por mayor de calzado, peletería, artículos de cuero, marroquinería"
"1.613.5";"Venta al por mayor de camisería, lencéría, mercería y géneros de punto"
"1.613.9";"Venta al por mayor de accesorios del vestido y otros productos textiles"
"1.614.1";"Venta al por mayor de productos farmacéuticos y medicamentos"
"1.614.2";"Venta al por mayor de productos de perfumería, droguería, higiene y belleza"
"1.614.3";"Venta al por mayor de productos para el mantenimiento y funcionamiento del hogar"
"1.614.4";"Venta al por mayor de productos zoosanitarios"
"1.615.1";"Venta al por mayor de vehículos, motocicletas, bicicletas y sus accesorios"
"1.615.2";"Venta al por mayor de muebles"
"1.615.3";"Venta al por mayor de aparatos electrodomésticos y ferretería"
"1.615.4";"Venta al por mayor de aparatos y material radioeléctrico y electrónico"
"1.615.5";"Venta al por mayor de obras de arte y antigüedades"
"1.615.6";"Galerías de arte"
"1.615.9";"Venta al por mayor de otros artículos de consumo duradero n.c.o.p"
"1.616.1";"Venta al por mayor de carbón"
"1.616.2";"Venta al por mayor de hierro y acero"
"1.616.3";"Venta al por mayor de minerales"
"1.616.4";"Venta al por mayor de metales no férreos en bruto y productos semielaborados"
"1.616.5";"Venta al por mayor de petróleo y lubricantes"
"1.616.6";"Venta al por mayor de productos químicos industriales"
"1.616.9";"Otro comercio al por mayor interindustria de la minería n.c.o.p"
"1.617.1";"Venta al por mayor de fibras textiles brutas y productos semielaborados"
"1.617.2";"Venta al por mayor de cueros y pieles en bruto"
"1.617.3";"Venta al por mayor de madera y corcho"
"1.617.4";"Venta al por mayor de materiales de construcción, vidrio y artículos instalación"
"1.617.5";"Venta al por mayor de maquinaria para la madera y el metal"
"1.617.6";"Venta al por mayor de maquinaria agrícola"
"1.617.7";"Venta al por mayor de maquinaria textil"
"1.617.8";"Venta al por mayor de máquinas y material de oficina"
"1.617.9";"Venta al por mayor interindustrial de otros productos n.c.o.p"
"1.618.1";"Comerciales exportadoras"
"1.618.2";"Venta al por mayor de toda clase de mercancías en zonas francas"
"1.619.1";"Venta al por mayor de juguetes y artículos de deporte"
"1.619.2";"Venta al por mayor de aparatos e instrumentos médicos, ortopédicos, ópticos"
"1.619.3";"Venta al por mayor de metales preciosos, artículos de joyería, bisutéría"
"1.619.4";"Venta al por mayor de productos de papel y cartón"
"1.619.5";"Venta al por mayor de artículos de papelería y escritorios"
"1.619.6";"Venta al por mayor de libros , periódicos y revistas"
"1.619.7";"Venta al por mayor de instrumentos de precisión, medida y similares"
"1.619.8";"Compraventa de ganado"
"1.619.9";"Venta al por mayor de otros productos n.c.o.p"
"1.642.1";"Venta al por menor de carnes"
"1.642.2";"Venta al por menor de carne en dependencias de venta de carnicería"
"1.642.3";"Venta al por menor en carnicerías-salchicherías de carnes frescas"
"1.642.4";"Venta al por menor de carnes en carnicerías"
"1.642.5";"Venta al por menor de huevos, aves, conejos de granja, caza"
"1.642.6";"Venta al por menor en casquerías de vísceras y despojos"
"1.643.1";"Venta al por menor de pescados y otros productos de la pesca"
"1.643.2";"Venta al por menor de bacalao y otros pescados en salazón"
"1.644.1";"Venta al por menor de pan, pastelería, confitería y similares y de leche"
"1.644.2";"Despachos de pan, panes especiales y bollería"
"1.644.3";"Venta al por menor de productos de pastelería, bollería y confitería"
"1.644.4";"Venta al por menor de helados"
"1.644.5";"Venta al por menor de bombones y caramelos"
"1.644.6";"Venta al por menor de masas fritas, productos aperitivos, golosinas"
"1.646.1";"Venta al por menor de labores de tabaco en expendedurías generales, espec. e int"
"1.646.2";"Venta al por menor de tabaco en extensiones transitorias expendedurías generales"
"1.646.3";"Venta al por menor de tabaco en expendedurías de carácter complementario"
"1.646.4";"Venta al por menor de tabaco en establecimientos mercantiles"
"1.646.51";"Venta al por menor de tabaco en máquina, titular establecimiento"
"1.646.52";"Venta al por menor de tabaco, propietario de la máquina"
"1.646.6";"Venta al por menor de tabacos en localidades donde no esté estancada la venta"
"1.646.7";"Venta al por menor de tabaco realizado por minusválidos"
"1.646.8";"Venta al por menor de artículos para fumadores"
"1.647.1";"Venta al por menor de productos alimenticios y bebidas con vendedor"
"1.647.2";"Autoservicio de superficie inferios a 120 m. cuadrados"
"1.647.3";"Autoservicio de superficie ventas entre 120 y 399 m.cuadrados"
"1.647.4";"Autoservicio de superficie igual o superior a 400 m. cuadrados"
"1.647.51";"Venta de productos alimenticios en máquinas, titular establecimiento"
"1.647.52";"Venta de productos alimenticios en máquina, propietario máquina"
"1.651.1";"Venta al por menor de productos textiles, de hogar, alfombras y similares"
"1.651.2";"Venta al por menor de prendas de ropa para el vestido y tocado"
"1.651.3";"Venta al por menor de lencería y corsetería"
"1.651.4";"Venta al por menor de artículos de mercería y paquetería"
"1.651.5";"Venta al por menor de prendas especiales"
"1.651.6";"Venta al por menor de calzado, artículos de piel, cinturones, bolsos, maletas"
"1.651.7";"Venta al por menor de confecciones de peletería"
"1.652.1";"Farmacias"
"1.652.2";"Venta al por menor de productos de droguería y productos para decoración"
"1.652.3";"Venta al por menor de perfumería y cosmética y artículos de aseo personal"
"1.652.4";"Venta al por menor de plantas y hierbas en herbolarios"
"1.653.1";"Venta al por menor de muebles (excepto los de oficina)"
"1.653.2";"Venta al por menor de material y aparatos eléctricos, electrodomésticos y cocina"
"1.653.3";"Venta al por menor de artículos de menaje, ferretería, adorno, regalo"
"1.653.4";"Venta al por menor de material de construcción y mobiliario de saneamiento"
"1.653.5";"Venta al por menor de puertas y ventanas, persianas, molduras, marcos"
"1.653.6";"Venta al por menor de artículos de bricolage"
"1.653.9";"Venta al por menor de otros artículos para el equipamiento del hogar"
"1.654.1";"Venta al por menor de vehículos terrestres"
"1.654.2";"Venta al por menor de accesorios, piezas de recambio de vehículos terrestres"
"1.654.3";"Venta al por menor de vehículos aéreos"
"1.654.4";"Venta al por menor de vehículos fluviales y marítimos a vela o motor"
"1.654.5";"Venta al por menor de toda clase de maquinaría"
"1.654.6";"Venta al por menor de cubiertas, bandas y cámaras de aire"
"1.655.1";"Venta al por menor de combustibles de todas clases, excepto gases"
"1.655.2";"Venta al por menor de gases combustibles de todas clases"
"1.655.3";"Venta al por menor de carburantes para el surtido de vehículos"
"1.659.1";"Venta al por menor de sellos, monedas y obras de arte"
"1.659.2";"Venta al por menor de muebles de oficina y máquinas y equipos de oficina"
"1.659.3";"Venta al por menor de aparatos médicos, ortopédicos, ópticos y fotográficos"
"1.659.4";"Venta al por menor de libros, periódicos y artículos de papelería y escritorio"
"1.659.5";"Venta al por menor de artículos de joyería, relojería, platería y bisutería"
"1.659.6";"Venta al por menor de jueguetes, artículos de deporte"
"2.773";"Detectives privados y profesionales de vigilancia"
"2.774";"Traductores e intérpretes"
"1.974";"Agencias de prestación de servicios domésticos"
"1.983";"Agencias de colocación de artistas"
"1.991";"Prestación de servicios por sociedades de desarrollo industrial"
"1.999";"Otros servicios n.c.o.p"
"2.011";"Doctores y licenciados en ciencias biológicas"
"2.012";"Ingenieros agrónomos y de montes"
"2.013";"Veterinarios"
"2.021";"Técnicos en biología, agronomía y silvicultura"
"2.022";"Ingenieros técnicos agrícolas e ingenieros técnicos forestales"
"2.023";"Ingenieros técnicos topógrafos"
"2.024";"Auxiliares y ayudantes en veterianaria (sexadores de pollos, castradores,...)"
"2.099";"Otros profesionales relacionados con la agricultura y la ganadería"
"2.111";"Doctores y licenciados en ciencias físicas, geofísicas, geológicas"
"2.112";"Ingenieros de minas"
"2.121";"Doctores y licenciados en ciencias químicas"
"2.131";"Ingenieros técnicos de minas, facultativos y peritos"
"2.199";"Otros profesionales relacionados con las actividades propias de energía"
"2.211";"Ingenieros aeronáuticos"
"2.212";"Ingenieros navales"
"2.213";"Ingenieros de telecomunicación"
"2.214";"Ingenieros de armamento y construcción, de armas navales y electromecánicos"
"2.221";"Ingenieros técnicos aeronáuticos, ayudantes y peritos"
"2.222";"Ingenieros técnicos de telecomunicación, ayudantes y peritos"
"2.223";"Ayudantes de ingenieros de armamento y construcción de armas navales"
"2.224";"Dibujantes técnicos"
"2.225";"Técnicos en telecomunicación"
"2.226";"Técnicos en sonido"
"2.227";"Técnicos en iluminación"
"2.228";"Ingenieros técnicos navales, ayudantes y peritos"
"2.299";"Otros profesionales relacionados con la industria de la aeronáutica"
"2.311";"Ingenieros industriales y textiles"
"2.321";"Ingenieros técnicos industriales y textiles, ayudantes"
"2.322";"Técnicos en artes gráficas"
"2.399";"Otros profesionales relacionados con otras industrias manufactureras"
"2.411";"Arquitectos"
"2.412";"Ingenieros de caminos, canales y puertos"
"2.421";"Arquitectos técnicos y aparejadores"
"2.422";"Ingenieros técnicos de obras públicas, ayudantes y peritos"
"2.431";"Delineantes"
"2.432";"Decoradores-diseñadores de interiores"
"2.499";"Otros profesionales relacionados con la construcción n.c.o.p"
"2.511";"Agentes comerciales"
"2.521";"Técnicos en hostelería"
"2.599";"Otros profesionales relacionados con el comercio y hostelería"
"2.611";"Agentes de ferrocarriles"
"2.612";"Conductores de vehículos terrestres"
"2.699";"Otros profesionales relacionados con el transporte y comunicaciones"
"2.711";"Actuarios de seguros"
"2.712";"Agentes representantes y corredores de seguros"
"2.713";"Agentes de seguros afectos no representantes"
"2.721";"Agentes colegiados de la propiedad inmobiliaria e industrial"
"2.722";"Gestores administrativos"
"2.723";"Administradores de fincas"
"2.724";"Intermediarios en la promoción de edificaciones"
"2.725";"Habilitados de clases pasivas"
"2.726";"Graduados sociales"
"2.727";"Agentes o intermediarios en facilitar préstamos"
"2.728";"Agentes de aduanas"
"2.731";"Abogados"
"2.732";"Procuradores"
"2.733";"Notarios"
"2.734";"Registradores"
"2.741";"Economistas"
"2.742";"Intendentes y profesores mercantiles"
"2.743";"Peritos mercantiles"
"2.744";"Diplomados en ciencias empresariales"
"2.745";"Corredores de comercio colegiados"
"2.746";"Corredores de comercio libres"
"2.747";"Auditores de cuentas y censores jurados de cuentas"
"2.748";"Administradores de la cartera de valores"
"2.749";"Corredores intérpretes y corredores marítimos"
"2.751";"Profesionales de la publicidad, relaciones públicas y similares"
"2.761";"Doctores y licenciados ciencias exactas y estadísticas"
"2.762";"Doctores y licenciados en informática"
"2.763";"Programadores y analistas de informática"
"2.764";"Diplomados en informáticas"
"2.765";"Grabadores informáticos"
"2.771";"Agentes cobradores de facturas, efectos comerciale, de préstamos"
"2.772";"Estenotipistas, mecanógrafos, taquígrafos y otros profesionales administrativos"
"1.432.3";"Tejidos de la lana y sus mezclas"
"1.433.1";"Productos de la industria de la seda natural y sus mezclas"
"1.433.2";"Preparación de hilado y tejido de las fibras artificiales y sintéticas"
"1.434.1";"Fibras duras y preparadas para el hilado"
"1.434.2";"Subproductos y productos residuales de la preparación de fibra"
"1.434.3";"Hilados y retorcidos de fibras duras y sus mezclas"
"1.434.4";"Tejidos de fibras duras y sus mezclas"
"1.435.1";"Fabricación de géneros de punto en pieza"
"1.435.2";"Fabricación de calcetería"
"1.435.3";"Fabricación de prendas interiores y ropa de dormir de punto"
"1.435.4";"Fabricación de prendas exteriores de punto"
"1.436.1";"Textiles blanqueados"
"1.436.2";"Textiles teñidos"
"1.436.3";"Textiles estampados"
"1.436.9";"Textiles aprestados, mercerizados o acabados de otra forma"
"1.437.1";"Fabricación de alfombras y tapices"
"1.437.2";"Fabricación de tejidos impregnados"
"1.439.1";"Cordelería"
"1.439.2";"Fabricación de fieltros, tules, encajes, pasamanería, etc"
"1.439.3";"Fabricación de textiles con fibras de recuperación"
"1.439.9";"Otras industrias textiles n.c.o.p"
"1.441.1";"Cueros y pieles no acabados"
"1.441.2";"Cueros y pieles acabados"
"1.441.3";"Cueros y pieles regenerados"
"1.442.1";"Fabricación de artículos de marroquinería y viajes"
"1.442.2";"Fabricación de guantes de piel"
"1.442.9";"Fabricación de otros artículos de cuero n.c.o.p"
"1.451.1";"Productos intermedios para la fabricación de calzado"
"1.451.2";"Calzado de calle fabricado en serie"
"1.451.3";"Zapatillas de casa, calzados especiales, polainas y similares"
"1.451.4";"Recortes y desperdicios de cuero de todas procedencias"
"1.452.1";"Calzado de artesanía y a medida"
"1.452.2";"Calzado ortopédico"
"1.454.1";"Prendas de vestir hechas a medida"
"1.454.2";"Sombreros y accesorios para el vestido hechos a medida"
"1.455.1";"Confección de artículos textiles para el hogar y tapicería"
"1.455.9";"Confección de otros artículos con materias textiles n.c.o.p"
"1.456.1";"Peletería natural"
"1.456.2";"Peletería artificial"
"1.461.1";"Productos del aserrado y preparación industrial de madera"
"1.461.2";"Productos residuales del aserrado y preparación de la industria de la madera"
"1.462.1";"Chapas de madera"
"1.462.2";"Maderas chapadas, contrachapadas y tableros celulares"
"1.462.3";"Tableros y paneles de fibras y de partículas"
"1.462.4";"Maderas mejoradas"
"1.463.1";"Puertas y ventanas de madera"
"1.463.2";"Parquet entarimado y adoquines de madera"
"1.463.3";"Otras piezas de carpintería para la construcción"
"1.463.4";"Elementos estructurales y construcciones prefabricadas de madera"
"1.464.1";"Envases y embalajes industriales de madera"
"1.464.2";"Tonelería"
"1.464.3";"Estuches, baúles, maletas y otros envases de madera"
"1.465.1";"Objetos de madera de uso doméstico y decorativo"
"1.465.2";"Herramientas, mangos, monturas y artículos similares de madera"
"1.465.3";"Artículos de madera para la fabricación y conservación calzado"
"1.465.4";"Artículos de madera para la industria textil"
"1.465.5";"Calzado de madera"
"1.465.6";"Harina y lana de madera"
"1.465.9";"Otros objetos diversos de madera (excepto muebles)"
"1.466.1";"Productos de corcho"
"1.466.2";"Productos residuales de la fabricación de artículos de corcho"
"1.467.1";"Artículos de materias trenzables"
"1.467.2";"Cepillos, brochas, escobas y artículos similares"
"1.468.1";"Fabricación de mobiliario de madera para el hogar"
"1.468.2";"Fabricación de mobiliario de madera escolar y de oficina"
"1.468.3";"Fabricación de muebles diversos de madera, junco, mimbre y caña"
"1.468.4";"Fabricación de ataúdes"
"1.468.5";"Actividades anexas a la industria del mueble (acabado, barnizado,...)"
"1.471.1";"Pasta papelera"
"1.471.2";"Subproductos y productos residuales de la fabricación de pasta papelera"
"1.472.1";"Papel y cartón"
"1.472.2";"Productos residuales de la fabricación del papel y cartón"
"1.473.1";"Fabricación de cartón ondulado y artículos de cartón ondulado"
"1.473.2";"Fabricación de otros artículos de envase y embalaje en papel"
"1.473.3";"Fabricación de artículos de oficina, escritorio, de papel y cartón"
"1.473.4";"Fabricación de artículos de decoración de uso doméstico, papel y cartón"
"1.473.9";"Fabricación de otros manipulados de papel y cartón n.c.o.p"
"1.474.1";"Impresión de textos o imágenes por cualquier procedimiento"
"1.474.2";"Impresión de prensa diaria por cualquier procedimiento"
"1.474.3";"Reproducción de textos por multicopistas, fotocopias, etc"
"1.475.1";"Estereotipia, galvanotipia, galvanoplastia, etc"
"1.475.2";"Composición de textos por cualquier procedimiento"
"1.475.3";"Reproducción de textos, imágenes destinados a la impresión"
"1.475.4";"Encuadernación"
"1.476.1";"Edición de libros"
"1.476.2";"Edición de periódicos y revistas"
"1.476.9";"Otras ediciones n.c.o.p"
"1.481.1";"Fabricación de cubiertas y cámaras"
"1.481.2";"Recauchutado y reconstrucción de cubiertas"
"1.481.9";"Fabricación de otros artículos de caucho n.c.o.p"
"1.482.1";"Fabricación de productos semielaborados de materias plásticas"
"1.482.2";"Fabricación de artículos acabados de materias plásticas"
"1.491.1";"Joyería"
"1.491.2";"Bisutería"
"1.492.1";"Instrumentos de cuerda de teclado"
"1.492.2";"Instrumentos de viento de teclado"
"1.492.3";"Instrumentos de cuerda"
"1.492.4";"Instrumentos de viento"
"1.492.5";"Instrumentos de percusión"
"1.492.6";"Instrumentos musicales electrónicos"
"1.492.7";"Otros instrumentos musicales"
"1.492.8";"Partes, piezas sueltas y accesorios de instrumentos musicales"
"1.493.1";"Películas y copias cinematográficas reveladas"
"1.493.2";"Placas, películas fotográficas negativas y diapositivas, revelado"
"1.493.3";"Copias fotográficas y ampliaciones"
"1.494.1";"Fabricación de juegos, juguetes y artículos de puericultura"
"1.494.2";"Fabricación de artículos de deporte"
"1.495.1";"Fabricación de artículos de escritorio"
"1.495.9";"Fabricación de otros artículos n.c.o.p"
"1.501.1";"Construcción completa, reparación y conservación de edificaciones"
"1.501.2";"Construcción completa, reparación y conservación obras civiles"
"1.501.3";"Albañilería y pequeños trabajos de construcción en general"
"1.502.1";"Demoliciones y derribos en general"
"1.502.2";"Consolidación y preparación de terrenos para la construcción de edificaciones"
"1.502.3";"Consolidación y preparación de terrenos para la realización de obras civiles"
"1.502.4";"Cimentaciones y pavimentaciones para la construcción de edificaciones"
"1.502.5";"Cimentaciones y pavimentaciones en obras civiles"
"1.502.6";"Perforaciones para alumbramientos de aguas"
"1.503.1";"Preparación y montaje de estructuras y cubiertas en edificaciones"
"1.503.2";"Preparación y montaje de estructuras y cubiertas en obras civiles"
"1.503.3";"Montajes de estructuras metálicas para transportes, puertos"
"1.503.4";"Elaboración de obra en piedra natural"
"1.504.1";"Instalaciones eléctricas en general"
"1.504.2";"Instalaciones de fontanería"
"1.504.3";"Instalaciones de frío, calor y acondicionamiento de aire"
"1.504.4";"Instalación de pararrayos y similares"
"1.504.5";"Montaje e instalación de cocinas de todo tipo y clase"
"1.504.6";"Montaje e instalación de aparatos elevadores de cualquier clase"
"1.504.7";"Instalaciones telefónicas, telegráficas, televisión, etc"
"1.504.8";"Montajes metálicos e instalaciones industriales completas"
"1.505.1";"Revestimientos exteriores e interiores de todas clases"
"1.505.2";"Solados y pavimentos de todas clases en cualquier tipo de obra"
"1.505.3";"Preparación y colocación de solados y pavimentos de madera"
"1.505.4";"Colocación y aislamiento fónicos, térmicos y acústicos"
"1.505.5";"Carpintería y cerrajería"
"1.505.6";"Pintura, revestimientos y terminación y decoración de locales"
"1.505.7";"Trabajos en yeso y escayola y decoración de edificios y locales"
"1.506.0";"Instalaciones de andamios, cimbras, encofrados, etc"
"1.612.1";"Venta al por mayor de toda clase de productos alimenticios, bebidas, tabaco"
"1.612.2";"Venta al por mayor de cereales"
"1.399.1";"Fabricación de relojes y cronógrafos de pulsera y bolsillo"
"1.399.2";"Fabricación de relojes despertadores"
"1.399.3";"Fabricación de relojes de pared y sobremesa"
"1.399.4";"Fabricación de relojes de bordo para coches, barcos, aviones, etc"
"1.399.5";"Fabricación de relojes de torre, fachada, estación y análogos"
"1.399.6";"Fabricación de aparatos de control, contadores de tiempo y otros instrumentos"
"1.399.7";"Fabricación de máquinas de reloj montadas"
"1.399.8";"Fabricación de cajas de relojes"
"1.399.9";"Fabricación de accesorios, partes y piezas sueltas de relojes y otros"
"1.411.1";"Fabricación y envasado de aceite de oliva"
"1.411.2";"Fabricación de aceite de oliva"
"1.411.3";"Envasado de aceite de oliva"
"1.412.1";"Extracción y envasado de aceites de semillas oleaginosas"
"1.412.2";"Obtención y envasado de aceite y grasas de animales marinos"
"1.412.3";"Refinado, envasado y otros tratamientos de grasas animales"
"1.412.4";"Obtención y envasado de margarina y grasas alimenticias"
"1.413.1";"Sacrificio y despiece de ganado en general"
"1.413.2";"Fabricación de productos cárnicos de todas clases"
"1.413.3";"Salas de despiece autónomas"
"1.413.4";"Incubación y venta de polluelos recien nacidos"
"1.414.1";"Preparación de leche"
"1.414.2";"Preparación de leche en conserva"
"1.414.3";"Fabricación de queso y mantequilla"
"1.414.4";"Elaboración de helados y similares"
"1.415.1";"Fabricación de conservas vegetales"
"1.415.2";"Fabricación de extractos, zumos y otros productos vegetales"
"1.415.3";"Limpieza, clasificación y envase de frutas y otros productos vegetales"
"1.416.1";"Fabricación de conservas de pescado y otros productos marinos"
"1.416.2";"Fabricación de productos residuales de la preparación y conservación de pescado"
"1.417.1";"Fabricación de harinas y sémolas"
"1.417.2";"Fabricación de otros productos de molinería"
"1.418.1";"Fabricación de pastas alimenticias"
"1.418.2";"Fabricación de productos amiláceos"
"1.419.1";"Industria del pan y de la bollería"
"1.419.2";"Industrias de la bollería, pastelería y galletas"
"1.419.3";"Industrias de elaboración de masas fritas"
"1.420.1";"Industrias del azúcar y jarabes de azúcar"
"1.420.2";"Productos residuales de la industria del azúcar"
"1.421.1";"Industria del cacao y chocolate"
"1.421.2";"Elaboración de productos de confitería"
"1.422.1";"Forrajes deshidratados melazados, etc. para alimentación animal"
"1.422.2";"Harinas pescado y subproductos animales para elaboración de piensos"
"1.422.3";"Elaboración de piensos compuestos, excepto los de animales domésticos"
"1.422.4";"Elaboración de otros piensos compuestos para animales domésticos"
"1.423.1";"Elaboración de café y té y sucedáneos de café"
"1.423.2";"Elaboración de sopas preparadas, extractos y condimentos"
"1.423.3";"Elaboración de productos dietéticos y de régimen"
"1.423.9";"Elaboración de otros productos alimenticios n.c.o.p"
"1.424.1";"Destilación y rectificación de alcoholes"
"1.424.2";"Obtención de aguardientes naturales"
"1.424.3";"Obtención de aguardientes compuestos, licores y aperitivos"
"1.425.1";"Elaboración y crianza de vinos"
"1.425.2";"Elaboración de vinos espumosos"
"1.425.3";"Elaboración de otros vinos especiales"
"1.425.9";"Otras industrias vinícolas n.c.o.p"
"1.426.1";"Sidra y otras bebidas fermentadas similares"
"1.426.2";"Productos residuales de la sidrería"
"1.427.1";"Fabricación de cerveza y malta cervecera"
"1.427.2";"Subproductos y productos residuales de la fabricación de cerveza"
"1.428.1";"Preparación y envasado de aguas minerales naturales"
"1.428.2";"Fabricación de aguas gaseosas y otras bebidas analcohólicas"
"1.429.1";"Elaboración de cigarros y cigarrillos"
"1.429.2";"Primera transformación del tabaco sin elaboración"
"1.431.1";"Preparación de fibras de algodón (desmotado, cardado, peinado)"
"1.431.2";"Hilado y retorcido del algodón y sus mezclas"
"1.431.3";"Tejido de algodón y sus mezclas"
"1.432.1";"Preparación de fibras de lana (clasificación, lavado, cardado)"
"1.432.2";"Hilado y retorcido de la lana y sus mezclas"
"1.011";"Explotación de ganado bovino"
"1.222.1";"Acero bruto (siderurgia no integral)"
"1.222.2";"Semiproductos (siderurgia no integral)"
"1.223.2";"Fabricación de productos tubulares de acero soldados longitudinalmente"
"1.223.4";"Fabricación de accesorios para tuberías"
"1.224.2";"Productos calibrados por estirado"
"1.224.4";"Productos calibrados por rectificado"
"1.224.6";"Fleje laminado en frío"
"1.224.8";"Fleje recubierto"
"1.121.1";"Trabajos de testificación diversos procedimientos en sondeos"
"1.121.3";"Trabajos de tomas de medida de presión, apertura y cierre"
"1.122.2";"Distribución de crudos de petróleo"
"1.123.2";"Distribución de gas natural"
"1.141";"Extracción y preparación de minerales radiactivos"
"1.142";"Preparación de minerales radiactivos factoría independiente"
"1.151.5";"Transporte y distribución de energía eléctrica"
"1.153";"Producción y distribución de vapor y agua caliente"
"1.161.3";"Tratamiento de agua para su suministro"
"1.162";"Fabricación de hielo para la venta"
"1.211.2";"Preparación de minerales férreos en factoría independiente"
"1.212.2";"Preparación de minerales metálicos en factoría independiente"
"1.221.2";"Acero bruto (siderurgia integral)"
"1.221.5";"Productos laminados en frío (siderurgia integral)"
"1.221.6";"Productos derivados de los anteriores incluso fabricación de tubo"
"1.225.2";"Producción y primera transformación del cobre"
"1.232.2";"Extracción de fosfatos y nitratos"
"1.234";"Extracción de piritas y azufre"
"1.241";"Fabricación de productos de tierras cocidas para la construcción"
"1.244";"Industrias de la piedra natural"
"1.245";"Fabricación de abrasivos"
"1.249";"Industrias de otros productos minerales no metálicos n.c.o.p"
"1.312";"Forja, estampado, embutición, troquelado, corte y repulsado"
"1.313";"Tratamiento y recubrimiento de los metales"
"1.315";"Construcción de grandes depósitos y calderería gruesa"
"1.330";"Construcción de máquinas de oficina y ordenadores"
"1.341";"Fabricación de hilos y cables eléctricos"
"1.342";"Fabricación de material eléctrico de utilización y equipamiento"
"1.343";"Fabricación de pilas y acumuladores"
"1.344";"Fabricación de contadores y aparatos de medida, eléctricos"
"1.345";"Fabricación de aparatos electrodomésticos"
"1.346";"Fabricación de lámparas y material de alumbrado"
"1.352";"Fabricación de aparatos y equipo electromédico y de uso profesional"
"1.353";"Fabricación de aparatos y equipo electrónico de señalización, control"
"1.354";"Fabricación de componentes electrónicos y circuitos integrados"
"1.361";"Construcción y montaje de vehículos automóviles y sus motores"
"1.362";"Construcción de carrocerías, remolques y volquetes"
"1.363";"Fabricación de equipo, componentes y piezas repuesto vehículos automóviles"
"1.371";"Construcción naval"
"1.372";"Reparación y mantenimiento de buques"
"1.381";"Construcción, reparación y mantenimiento de material ferroviario"
"1.382";"Construcción, reparación y mantenimiento de aeronaves"
"1.383";"Construcción de bicicletas, motocicletas y sus piezas repuestos"
"1.389";"Construcción de otro material de transporte n.c.o.p"
"1.391";"Fabricación de instrumentos de precisión, medida y control"
"1.399";"Fabricación de relojes y otros instrumentos n.c.o.p"
"1.415";"Fabricación de jugos y conservas vegetales"
"1.416";"Fabricación de conservas de pescado y otros productos marinos"
"1.420";"Industria del azúcar"
"1.426";"Sidrerías"
"1.427";"Fabricación de cerveza y malta cervecera"
"1.433";"Industria de la seda natural y sus mezclas"
"1.434";"Industria de las fibras duras y sus mezclas"
"1.436";"Acabado de textiles"
"1.441";"Curtición y acabado de cueros y pieles"
"1.451";"Fabricación en serie de calzado"
"1.452";"Fabricación de calzado de artesanía y a medida"
"1.453";"Confección en serie de toda clase de prendas de vestir"
"1.454";"Confección a medida de prendas de vestir y sus complementos"
"1.461";"Aserrado y preparación industrial de la madera"
"1.463";"Fabricación en serie de piezas de carpintería y parquet"
"1.464";"Fabricación de envases y embalajes de madera"
"1.465";"Fabricación de objetos diversos de madera"
"1.466";"Fabricación de productos de corcho"
"1.467";"Fabricación de artículos de junco y caña, cesterías, brochas"
"1.471";"Fabricación de pasta papelera"
"1.472";"Fabricación de papel y cartón"
"1.474";"Artes gráficas (impresión gráfica)"
"1.475";"Actividades anexas a las artes gráficas"
"1.492";"Fabricación de instrumentos de música"
"1.493";"Laboratorios fotográficos y cinematográficos"
"1.507";"Construcción, reparación y conservación de toda clase obras"
"1.508";"Agrupaciones y uniones temporales de empresas"
"1.611";"Venta al por mayor de toda clase de mercancías"
"1.621";"Venta al por mayor de chatarra y metales de desecho férreos y no férreos"
"1.622";"Venta al por mayor de otros productos de recuperación"
"1.623";"Recuperación y comercio de residuos fuera de establecimiento permanente"
"1.631";"Intermediarios del comercio"
"1.641";"Venta al por menor de frutas, verduras, hortalizas y tubérculos"
"1.645";"Venta al por menor de vinos y bebidas de todas clases"
"1.656";"Venta al por menor de bienes usados"
"1.657";"Venta al por menor de instrumentos musicales y sus accesorios"
"1.665";"Venta al por menor por correo o catálogo de productos diversos"
"1.675";"Servicios de restaurante y cafetería en quioscos, cajones, barracas"
"1.676";"Servicios en chocolatería, heladerías y horchaterías"
"1.681";"Servicios de hospedaje en hoteles y moteles"
"1.682";"Servicio de hospedaje en hostales y pensiones"
"1.683";"Fondas, casas de huéspedes y alojamientos turísticos agrícolas"
"1.684";"Servicios de hospedaje en hoteles-apartamentos"
"1.685";"Alojamientos turísticos extrahoteleros"
"1.686";"Explotación de apartamentos privados a través de agencias"
"1.692";"Reparación de maquinaria industrial"
"1.699";"Otras reparaciones n.c.o.p"
"1.711";"Transporte ferroviario por vía normal"
"1.712";"Transporte ferroviario por vía estrecha"
"1.722";"Transporte de mercancías por carretera"
"1.729";"Otros transportes terrestres n.c.o.p"
"1.732";"Transporte marítimo de crudos y gases"
"1.755";"Agencias de viajes"
"1.756";"Intermediarios del transporte"
"1.757";"Servicio de mudanzas"
"1.761";"Servicios telefónicos"
"1.769";"Otros servicios de telecomunicaciones"
"1.798";"Otros profesionales relacionados con actividades financieras y jurídicas"
"1.811";"Banca"
"1.812";"Cajas de ahorro"
"1.821";"Entidades aseguradoras de vida y capitalización"
"1.822";"Entidades aseguradoras de enfermedad y riesgos diversos"
"1.823";"Otras entidades aseguradoras (montepíos, cajas de pensiones)"
"1.834";"Servicios relativos a la propiedad inmobiliaria e industrial"
"1.841";"Servicios jurídicos"
"1.842";"Servicios financieros y contables"
"1.844";"Servicios de publicidad, relaciones públicas y similares"
"1.845";"Explotación electrónica por cuenta de terceros"
"1.846";"Empresas de estudios de mercado"
"1.847";"Servicios de consultoría"
"1.851";"Alquiler de maquinaria y equipo agrícola"
"1.852";"Alquiler de maquinaria y equipo para la construcción"
"1.853";"Alquiler de maquinaria y equipo contable de oficina y cálculo"
"1.854";"Alquiler de automóviles sin conductor"
"1.859";"Alquiler de otros bienes muebles n.c.o.p. (sin personal permanente)"
"1.862";"Alquiler de bienes inmuebles de naturaleza rústica"
"1.911";"Servicios agrícolas y ganaderos"
"1.912";"Servicios forestales"
"1.913";"Servicios relacionados con la pesca y la acuicultura"
"1.922";"Servicios de limpieza"
"1.934";"Enseñanza fuera de establecimiento permanente"
"1.936";"Investigación científica y técnica"
"1.943";"Consultas y clínicas de estomatología y odontología"
"1.944";"Servicios de naturopatía, acupuntura y otros servicios parasanitarios"
"1.945";"Consultas y clínicas veterinarias"
"1.951";"Asistencia y servicios sociales en centros residenciales"
"1.012";"Explotación intensiva de ganado bovino de leche"
"1.013";"Explotación intensiva de ganado bovino de cebo"
"1.021";"Explotación extensiva de ganado ovino"
"1.022";"Explotación intensiva de ganado ovino de cría"
"1.023";"Explotación intensiva de ganado ovino de cebo"
"1.031";"Explotación extensiva de ganado porcino"
"1.033";"Explotación intensiva de ganado porcino de cebo"
"1.042.1";"Reproductoras de carne"
"1.042.2";"Pollos y patos para carne"
"1.042.4";"Pavos, faisanes y palmípedas para carne"
"1.042.5";"Codornices para carne"
"1.051";"Cunicultura"
"1.062";"Apicultura"
"1.069";"Otras explotaciones ganaderas"
"1.111.2";"Extracción, preparación de hulla subbituminosa (lignito negro)"
"1.111.4";"Aglomeración de hulla"
"1.112.1";"Extracción y preparación de antracita"
"1.113.1";"Extracción y preparación de lignito pardo"
"1.113.2";"Preparación de lignito pardo en factoría independiente"
"1.222.3";"Productos laminados en caliente (siderurgia no integral)"
"1.222.4";"Productos laminados en frío (siderurgia no integral)"
"1.222.5";"Productos derivados de la siderurgia no integral"
"1.222.6";"Otros productos y subproductos (siderurgia no integral)"
"1.223";"Fabricación de tubos de acero"
"1.223.1";"Fabricación de productos tubulares de acero sin soldadura"
"1.223.3";"Fabricación de productos tubulares de acero soldados helicoidalmente"
"1.224";"Trefilado, estirado, perfilado, laminado en frío del acero"
"1.224.1";"Alambre de acero"
"1.224.3";"Productos calibrados por descortezado (torneado)"
"1.224.5";"Periles conformados en frío"
"1.224.7";"Fleje magnético laminado en frío"
"1.114";"Fabricación de coque"
"1.121.2";"Trabajos para desviación sondeos y cimentación de pozos"
"1.121.9";"Otras actividades relacionadas con la prospección de petróleo"
"1.122.1";"Extracción de crudos de petróleo"
"1.123.1";"Extracción y depuración de gas natural"
"1.124";"Extracción de pizarras bituminosas"
"1.143.1";"Transformación de minerales radiactivos"
"1.143.2";"Tratamiento de residuos radiactivos"
"1.143.3";"Almacenamiento de residuos radioactivos"
"1.151.1";"Producción de energía hidroeléctrica"
"1.151.2";"Producción de energía termoeléctrica convencional"
"1.151.3";"Producción de energía electronuclear"
"1.151.4";"Producción de energía no especificada en otros epígrafes"
"1.152";"Fabricación y distribución de gas"
"1.130";"Refino de petróleo"
"1.161.1";"Captación, tratamiento y distribución agua, núcleos urbanos"
"1.161.2";"Captación de agua para su suministro"
"1.161.4";"Distribución de agua para núcleos urbanos"
"1.211.1";"Extracción y preparación de minerales férreos"
"1.212.1";"Extracción y preparación de minerales metálicos no férreos"
"1.221";"Siderurgia integral"
"1.221.1";"Productos siderúrgicos primarios o de cabecera"
"1.221.3";"Semiproductos (siderurgia integral)"
"1.221.4";"Productos laminados en caliente (siderurgia integral)"
"1.221.7";"Otros productos y subproductos (siderurgia integral)"
"1.222";"Siderurgia no integral"
"1.225.1";"Producción y primera transformación del aluminio"
"1.225.9";"Producción y primera transformación de otros metales no férreos n.c.o.p"
"1.231.1";"Extracción de sustancias arcillosas"
"1.231.2";"Extracción de rocas y pizarras para la construcción"
"1.231.3";"Extracción de arenas y gravas para la construcción"
"1.231.4";"Extracción de yeso"
"1.231.9";"Extracción de otros materiales de construcción n.c.o.p"
"1.232.1";"Extracción de sales potásicas"
"1.233.1";"Extracción de sal marina"
"1.233.2";"Extracción de sal manantial y sal gema"
"1.024";"Explotación de ganado caprino"
"1.032";"Explotación intensiva de ganado porcino de cría"
"1.041.1";"Reproductoras de puesta"
"1.041.2";"Ponedoras de huevos a partir de los cuatro meses de edad"
"1.042.3";"Pavos, faisanes y palmípedas reproductoras"
"1.061";"Explotaciones de ganado caballar, mular y asnal"
"1.071";"Explotaciones mixtas"
"1.111.1";"Extracción, preparación de hulla, excepto hulla subbituminosa"
"1.111.3";"Preparación de hulla en factoría independiente"
"1.112.2";"Preparación de antracita en factoría independiente"
"2.775";"Doctores y licenciados en filosofía y letras"
"2.776";"Doctores y licenciados en ciencias políticas y sociales"
"2.777";"Especialistas en asuntos de personal y análisis profesional"
"2.778";"Diplomados en biblioteconomía y documentación"
"2.798";"Otros profesionales relacionados con actividades financieras y jurídicas"
"2.799";"Otros profesionales relacionados con actividades de seguros y de alquileres"
"2.811";"Profesionales que prestan servicios de limpieza"
"2.821";"Personal docente de enseñanza superior"
"2.822";"Personal docente de enseñanza media"
"2.823";"Personal docente de enseñanza general básica y preescolar"
"2.824";"Profesores de formación y perfeccionamiento profesional"
"2.825";"Profesores de conducción de vehículos terrestres, acuáticos"
"2.826";"Personal docente de enseñanzas diversas"
"2.831";"Médicos de medicina general"
"2.832";"Médicos especialistas (excluidos estomatólogos y odontólogos)"
"2.833";"Estomatólogos"
"2.834";"Odontólogos"
"2.835";"Farmacéuticos"
"2.836";"Ayudantes técnicos sanitarios y fisioterapeutas"
"2.837";"Protésicos e higienistas dentales"
"2.838";"Ópticos-optometristas y podólogos"
"2.839";"Masajistas, bromatólogos, dietistas y auxiliares de enfermería"
"2.841";"Naturópatas, acupuntores y otros profesionales parasanitarios"
"2.851";"Representantes técnicos del espectáculo"
"2.852";"Apoderados y representantes taurinos"
"2.853";"Agentes de colocación de artistas"
"2.854";"Expertos en organización de congresos, asambleas y similares"
"2.855";"Agentes y corredores de apuestas en los espectáculos"
"2.861";"Pintores, escultores, ceramistas, artesanos, artistas y similares"
"2.862";"Restauradores de obras de arte"
"2.871";"Expendedores de loterías, apuestas deportivas y otros juegos"
"2.872";"Expendedores oficiales de loterias de otros organismos"
"2.873";"Expendedores no oficiales autorizados, recepción apuestas"
"2.881";"Astrólogos y similares"
"2.882";"Guías de turismo"
"2.883";"Guías intérpretes de turismo"
"2.884";"Peritos tasadores de seguros, alhajas, géneros y efectos"
"2.885";"Liquidadores y comisarios de averías"
"2.886";"Cronometradores"
"2.887";"Maquilladores y esteticistas"
"2.888";"Grafólogos"
"2.899";"Otros profesionales"
"3.011";"Directores de cine y teatro"
"3.012";"Ayudantes de dirección"
"3.013";"Actores de cine y teatro"
"3.014";"Extras especializados, dobles, comparsas y meritorios"
"3.015";"Operadores de cámaras de cine de televisión y de vídeo"
"3.016";"Humoristas, caricatos, excentr., charlistas, recitadores"
"3.017";"Apuntadores y regidores"
"3.018";"Artistas de circo"
"3.019";"Otras actividades relacionadas con el cine, el teatro y el circo"
"3.021";"Directores coreográficos"
"3.022";"Bailarines"
"3.029";"Otras actividades relacionadas con el baile n.c.o.p"
"3.031";"Maestros y directores de música"
"3.032";"Intérpretes de instrumentos musicales"
"3.033";"Cantantes"
"3.039";"Otras actividades relacionadas con la música n.c.o.p"
"3.041";"Jugadores y entrenadores de fútbol"
"3.042";"Jugadores, entrenadores y preparadores de tenis y de golf"
"3.043";"Pilotos, entrenadores y preparadores de motociclismo y automovilismo"
"3.044";"Boxeadores, entrenadores y preparadores de boxeo"
"3.045";"Jugadores, entrenadores y preparadores de baloncesto"
"3.046";"Corredores, entrenadores y preparadores de ciclismo"
"3.047";"Jugadores, entrenadores de balonmano, voleibol, pelota"
"3.048";"Árbitros de espectáculos deportivos"
"3.049";"Otras actividades relacionadas con el deporte n.c.o.p"
"3.051";"Matadores de toros"
"3.052";"Rejoneadores"
"3.053";"Subalternos"
"3.054";"Jefes de cuadrillas cómicas y similares"
"3.055";"Otro personal de cuadrillas cómicas y similares"
"3.059";"Otras actividades relacionadas con espectáculos taurinos"
"1.234.1";"Extracción de piritas de hierro sin tostar"
"1.234.2";"Extracción de azufre natural"
"1.239.1";"Extracción de fluorita"
"1.239.2";"Extracción de turba"
"1.239.9";"Extracción de otros minerales no metálicos ni energéticos"
"1.241.1";"Ladrillos, bloques y piezas especiales para forjados"
"1.241.2";"Tejas, baldosas y materiales de tierras cocidas para la construcción"
"1.241.6";"Fabricación de fritas y esmaltes cerámicos"
"1.242.1";"Fabricación de cementos artificiales"
"1.242.2";"Fabricación de cementos naturales"
"1.242.3";"Fabricación de cales y yesos"
"1.243.1";"Fabricación de hormigones preparados"
"1.243.2";"Fabricación de productos en fibrocemento"
"1.243.3";"Fabricación otros artículos derivados del cemento, excepto pavimentos"
"1.243.4";"Fabricación de pavimentos derivados del cemento"
"1.243.5";"Fabricación de artículos derivados del yeso y escayola"
"1.244.1";"Industrias de la piedra natural triturada y clasificada"
"1.244.2";"Industrias de la piedra natural simplemente talada y aserrada"
"1.244.3";"Industrias de la piedra elaborada"
"1.245.1";"Fabricación de artículos para máquinas y piedras para afilar a mano"
"1.245.2";"Fabricación de otros abrasivos"
"1.246.1";"Fabricación de vidrio plano"
"1.246.2";"Fabricación de vidrio hueco"
"1.246.3";"Fabricación de vidrio técnico"
"1.246.4";"Fabricación de fibra de vidrio"
"1.246.5";"Manipulado de vidrio"
"1.246.6";"Fabricación de fritas y esmaltes cerámicos"
"1.247.1";"Fabricación de artículos refractarios"
"1.247.2";"Fabricación de baldosas para pavimentación"
"1.247.3";"Fabricación de baldosas esmaltadas para pavimentación"
"1.247.4";"Fabricación de vajillas y artículos del hogar de material cerámico"
"1.247.5";"Fabricación de aparatos sanitarios de loza, porcelana y gres"
"1.247.6";"Fabricación de aisladores de material cerámico para instalaciones eléctricas"
"1.247.9";"Fabricación de otros artículos cerámicos n.c.o.p"
"1.249.1";"Industrias de productos asfálticos"
"1.249.2";"Industrias de productos a base de amianto"
"1.249.9";"Industrias de productos a base de otros minerales no metálicos"
"1.251.1";"Fabricación de productos químicos orgánicos de origen petroquímico"
"1.251.2";"Fabricación de otros productos químicos orgánicos"
"1.251.3";"Fabricación de productos químicos inorgánicos"
"1.251.4";"Fabricación de primeras materias plásticas"
"1.251.5";"Fabricación de cauchos y látex sintéticos"
"1.251.6";"Producción de fibras artificiales y sintéticas"
"1.251.7";"Fabricación de acido y anhídrido maléico"
"1.252.1";"Fabricación de abonos"
"1.252.2";"Fabricación de plaguicidas"
"1.253.1";"Fabricación de gases comprimidos"
"1.253.2";"Fabricación de colorantes y pigmentos"
"1.253.3";"Fabricación de pinturas, barnices y lacas"
"1.253.4";"Fabricación de tintes de imprenta"
"1.253.5";"Tratamiento de aceites y grasa para usos industriales"
"1.253.6";"Fabricación de aceites esenciales y de sustancias aromáticas"
"1.253.7";"Fabricación de colas y gelatinas para la industria textil, del cuero y caucho"
"1.253.8";"Fabricación de explosivos"
"1.253.9";"Fabricación de otros productos químicos de uso industrial n.c.o.p"
"1.254.1";"Fabricación de productos farmacéuticos de base"
"1.254.2";"Fabricación de especialidades y otros productos farmacéuticos"
"1.255.1";"Fabricación de jabones comunes, detergentes y lejías"
"1.255.2";"Fabricación de jabones de tocador y otros productos de perfumería"
"1.255.3";"Fabricación de derivados de cera y parafinas"
"1.255.4";"Fabricación de material fotográfico sensible"
"1.255.5";"Fabricación de artículos pirotécnicos, cerillas y fósforos"
"1.255.9";"Fabricación de otros productos químicos de uso final"
"1.311.1";"Fundición de piezas de hierro y acero"
"1.311.2";"Fundición de piezas de metales no férreos y sus aleaciones"
"1.312.1";"Piezas forjadas"
"1.312.2";"Piezas estampadas o troqueladas"
"1.312.3";"Piezas embutidas, cortadas o repulsadas"
"1.313.1";"Tratamiento de los metales"
"1.313.2";"Recubrimientos metálicos"
"1.313.3";"Tratamientos de protección de los metales n.c.o.p"
"1.314.1";"Carpintería metálica"
"1.314.2";"Fabricación de estructuras metálicas"
"1.315.1";"Construcción de grandes calderas"
"1.315.2";"Grandes depósitos metálicos y otros productos de calderería"
"1.316.1";"Fabricación de herramientas manuales"
"1.316.2";"Fabricación de artículos de ferretería y cerrajería"
"1.316.3";"Tornillería y fabricación de artículos derivados del alambre"
"1.316.4";"Fabricación de artículos de menaje"
"1.316.5";"Fabricación de cocinas, calentadores no eléctricos"
"1.316.6";"Fabricación de mobiliario metálico"
"1.316.7";"Fabricación de recipientes y envases metálicos"
"1.316.8";"Fabricación de armas ligeras y sus municiones"
"1.316.9";"Fabricación de otros artículos acabados en metales n.c.o.p"
"1.319.1";"Mecánica general"
"1.319.9";"Talleres mecánicos n.c.o.p"
"1.321.1";"Construcción de máquinas agrícolas"
"1.321.2";"Construcción de tractores agrícolas"
"1.322.1";"Construcción de máquinas para trabajar los metales"
"1.322.2";"Construcción de máquinas para trabajar la madera y corcho"
"1.322.3";"Fabricación de útiles, equipos y piezas para máquinas-herramientas"
"1.323.1";"Construcción de máquinas textiles y sus accesorios"
"1.323.2";"Construcción de máquinas para la industria del cuero y calzado"
"1.323.3";"Fabricación de máquinas de coser"
"1.324.1";"Construcción de máquinas industriales alimenticias, bebidas y tabaco"
"1.324.2";"Construcción de máquinas para la industria química"
"1.324.3";"Construcción de máquinas para industrias de transform. caucho y mat. plásticas"
"1.325.1";"Construcción de máquinas y equipo para minería, construcción y obras públicas"
"1.325.2";"Construcción de máquinas y equipos para industrias prod. minerales no metálicos"
"1.325.3";"Construcción de máquinas para la siderurgia y fundición"
"1.325.4";"Construcción de maquinaria de elevación y manipulación"
"1.326.1";"Fabricación de engranajes, cadena transmisión y otros órganos de transmisión"
"1.326.2";"Fabricación de rodamientos"
"1.329.1";"Construcción de máquinas industria del papel, cartón y artes gráficas"
"1.329.2";"Construcción de máquinas lavado y limpieza en seco"
"1.329.3";"Construcción de motores y turbinas (excepto transporte)"
"1.329.4";"Construcción de maquinaria para la manipulación de fluidos"
"1.329.9";"Construcción de otras máquinas y equipos mecánicos n.c.o.p"
"1.330.1";"Construcción de máquinas de oficina y ordenadores"
"1.330.2";"Instalación de máquinas de oficina y ordenadores"
"1.341.1";"Fabricación de hilos y cables para comunicaciones"
"1.341.2";"Fabricación de hilos y cables aislados para el transporte de electricidad"
"1.341.3";"Fabricación de hilos y cables aislados para bobinas"
"1.341.4";"Fabricación de cordones flexibles e hilos aislados para portalámparas"
"1.341.5";"Fabricación de hilos y cables aislados para instalaciones de la construcción"
"1.341.9";"Fabricación de otros hilos y cables aislados"
"1.342.1";"Máquinas y aparatos para la producción y transformación de energía eléctrica"
"1.342.2";"Otro material eléctrico de utilización y equipamiento"
"1.343.1";"Pilas eléctricas"
"1.343.2";"Acumuladores eléctricos"
"1.343.3";"Accesorios, partes y piezas sueltas de pilas y acumuladores eléctricos"
"1.345.1";"Fabricación de cocinas, hornos, placas y otros aparatos eléctricos de cocina"
"1.345.2";"Fabricación de refrigeradores y congeladores de uso doméstico"
"1.345.3";"Fabricación de lavavajillas, lavadoras y secadoras de ropa, uso doméstico"
"1.345.4";"Fabricación de calentadores eléctricos de agua y aparatos eléctricos calefacción"
"1.345.5";"Fabricación de ventiladores y acondicionadores de aire de uso doméstico"
"1.345.6";"Fabricación de aparatos eléctricos auxiliares de cocina"
"1.345.7";"Fabricación de aparatos eléctricos para el cuidado y conservación del hogar"
"1.345.8";"Fabricación de otros aparatos electrodomésticos"
"1.345.9";"Fabricación de accesorios, partes y piezas sueltas de aparatos electrodomésticos"
"1.346.1";"Fabricación de lámparas eléctricas"
"1.346.2";"Fabricación de luminarias para alta intensidad de descarga"
"1.346.3";"Fabricación de artículos de carbón y grafito para usos eléctricos"
"1.346.4";"Fabricación de otro material de alumbrado"
"1.346.5";"Fabricación de accesorios, partes y piezas sueltas de lámparas y mat. alumbrado"
"1.351.1";"Fabricación de aparatos y equipo telefónico y telegráfico"
"1.351.2";"Fabricación de aparatos y equipo de radiocomunicación, radiodifusión"
"1.354.1";"Fabricación de válvulas y tubos electrónicos y de rayos X"
"1.354.2";"Fabricación de otros componentes electrónicos activos"
"1.354.3";"Fabricación de componentes electrónicos pasivos"
"1.354.4";"Fabricación de accesorios, componentes electrónicos y circuitos integrados"
"1.355.1";"Fabricación de receptores de radio y televisión y reproducción"
"1.355.2";"Edición de soportes grabados de sonido, vídeo y de informática"
"1.361.1";"Construcción y montaje de automóviles de turismo"
"1.361.2";"Construcción y montaje de autobuses y autocares"
"1.361.3";"Construcción y montaje de camiones"
"1.361.4";"Construcción y montaje de otros vehículos automóviles"
"1.361.5";"Construcción y montaje de motores para vehículos automóviles"
"1.361.6";"Construcción y montaje de chasis con motor para vehículos automóviles"
"1.361.7";"Construcción y montaje de componentes para vehículos automóviles"
"1.362.1";"Construcción de carrocerías para vehículos automóviles y remolques"
"1.362.2";"Construcción de remolques y volquetes"
"1.363.1";"Fabricación de equipo, componentes y piezas repuesto veh. autom. (excep. eléc.)"
"1.363.2";"Fabricación de equipo, componentes, repuestos carrocerías automóviles"
"1.363.3";"Fabricación otro equipo, componentes, accesorios y piezas repuesto automóviles"
"1.363.9";"Fabricación otro equipo, componentes, accesorios y piezas repuesto automóviles"
"1.371.1";"Construcción de buques de casco de acero"
"1.371.2";"Construcción de buques y embarcaciones de casco de madera"
"1.371.3";"Construcción de buques y embarcaciones de casco plástico y otros materiales"
"1.371.4";"Construcción de artefactos flotantes"
"1.371.5";"Construcción de motores, turbinas y otras máquinas de propulsión buques"
"1.371.6";"Construcción de accesorios buques, embarcaciones y artefactos flotantes"
"1.372.1";"Servicios de reparación y mantenimiento de buques"
"1.372.2";"Servicios de desguace de buques, embarcaciones y artefactos flotantes"
"1.381.1";"Construcción, reparación y mantenimiento de material ferroviario"
"1.381.2";"Servicios de reparación y mantenimiento de material ferroviario"
"1.382.1";"Construcción, reparación y mantenimiento aeronaves, ingenios aeronáut. espacial"
"1.382.2";"Servicios de reparación, revisión y mantenimiento de aeronaves"
"1.383.1";"Construcción de motocicletas scooters y ciclomotores"
"1.383.2";"Construcción de bicicletas, triciclos y monociclos excepto de niño"
"1.383.3";"Construcción de vehículos especiales con mecanismos de propulsión"
"1.383.4";"Construcción de motores para motocicletas, scooters, ciclomot. y veh. especiales"
"1.383.5";"Construcción de accesorios, partes y piezas sueltas de bicicletas y motocicletas"
"1.389.1";"Construcción de remolques agrícolas y vehículos de tracción animal"
"1.389.2";"Construcción de vehículos accionados a mano"
"1.389.9";"Construcción de accesorios, partes y piezas sueltas de otro material transporte"
"1.391.1";"Fabricación de contadores no eléctricos"
"1.391.2";"Fabricación de instrumentos y aparatos para la navegación y aeronáutica"
"1.391.3";"Fabricación de instrumentos y aparatos de topografía, meteorología, hidrología"
"1.391.4";"Fabricación de aparatos de medida, control y regulación densidad, temp., humedad"
"1.391.5";"Fabricación de instrumentos y aparatos para ensayos mecánicos de material"
"1.391.6";"Fabricación de balanzas de precisión y otros instrumentos y aparatos de medida"
"1.391.7";"Fabricación de otros instrumentos y aparatos de precisión, medida y control"
"1.391.8";"Fabricación de accesorios, partes y piezas de instrum. y aparatos de medida"
"1.392.1";"Fabricación de material médico-quirúrgico"
"1.392.2";"Fabricación de aparatos de prótesis y ortopedia"
"1.393.1";"Instrumentos ópticos, material fotográfico y cinematográfico"
"1.393.2";"Fabricación de monturas para gafas (excepto de plástico)"
"1.990.8";"ACTIVIDAD FICTICIA PARA PODER CARGAR LOCALES AFECTOS IAE"
"1.647.5";"PTOS.ALIMENTICIOS Y BEB. MAQUINAS"
"1.199.9";"OTROS SERVICIOS N.C.O.P."
"1.150.13";"ALBA±ILERIA Y PEQ. TRABAJOS CONSTRUCCION"
"1.165.39";"COM.MEN.ART.HOGAR NCOP"
"1.184.5";"EXPLOTACION ELECTRONICA POR TERCEROS"
"1.149.42";"FAB. ART. DEPORTE"
"1.161.66";"COM.MAY.PTOS. QUIMICOS INDUSTRIALES"
"1.999.08";"ACTIVIDAD FICTICIA PARA PODER CARGAR LOCALES AFECTOS IAE"
"1.165.92";"COM.MEN.MUEBLES Y MAQUINAS DE OFICINA"
"1.192.21";"SERV. LIMPIEZA INTERIORES"
"1.196.69";"OTROS SERVICIOS CULTURALES NCOP"
"1.196.11";"PRODUCCION PELICULAS CINEMATOGRAFICAS"
"1.166.12";"COM.MEN.EN HIPERMERCADOS"
"1.843.6";"Inspección Técnica de Vehículos"
"1.165.12";"COM.MEN.PRENDAS DE VESTIR Y TOCADO"
"1.166.11";"COM.MEN.GRANDES ALMACENES"
"1.181.96";"ENTIDADES DE CAMBIO DE MONEDA"
"1.150.7";"CONSTRUCCION DE TODA CLASE DE OBRAS"
"1.952";"Asistencia y servicios sociales en centros no residenciales"
"1.854.2";"Alquiler de automóviles sin conductor en régimen de renting"
"1.659.7";"Venta al por menor de semillas, abonos, flores, plantas y pequeños animales"
"1.659.8";"Venta al por menor denominados sex shop"
"1.659.9";"Venta al por menor de otros productos no especificados en esta agrupación"
"1.661.1";"Comercio en grandes almacenes"
"1.661.2";"Comercio en hipermercados"
"1.661.3";"Comercio en almacenes populares"
"1.662.1";"Venta al por menor de todos los artículos en economatos y cooperativas"
"1.662.2";"Venta al por menor de toda clase de artículos, pequeños establecimientos"
"1.663.1";"Venta al por menor de productos alimenticios fuera de establecimiento comercial"
"1.663.2";"Venta al por menor de artículos textiles fuera de establecimiento comercial"
"1.663.3";"Venta al por menor de calzado fuera de establecimiento comercial"
"1.663.4";"Venta al por menor de artículos de droguería fuera de establecimiento comercial"
"1.663.9";"Venta al por menor de otra clase de mercancías fuera de establecimiento"
"1.664.11";"Autoventa de música grabada expositores, titular establecimiento"
"1.664.12";"Autoventa de música grabada, propietario de la máquina"
"1.664.21";"Venta de carretes fotográficos en expositores, titular establecimiento"
"1.664.22";"Venta de carretes fotográficos en expositores, propietario expositor"
"1.664.91";"Venta al por menor de artículos diversos, aparatos automáticos, titular establec"
"1.664.92";"Venta de artículos diversos mediante aparatos automáticos, propietario"
"1.671.1";"Restaurante cinco tenedores"
"1.671.2";"Restaurante cuatro tenedores"
"1.671.3";"Restaurante tres tenedores"
"1.671.4";"Restaurante dos tenedores"
"1.671.5";"Restaurante un tenedor"
"1.672.1";"Cafetería tres tazas"
"1.672.2";"Cafetería dos tazas"
"1.672.3";"Cafetería una taza"
"1.673.1";"Bar categoría especial"
"1.673.2";"Otros cafés y bares"
"1.674.1";"Servicios de restaurante en vehículos de tracción mecánica"
"1.674.2";"Servicio de restaurante y cafetería en ferrocarriles"
"1.674.3";"Servicios de restaurante y cafetería en barcos"
"1.674.4";"Servicios de restaurante y cafetería en aeronaves"
"1.674.5";"Servicio de restaurante y cafetería en sociedades, casinos, clubs"
"1.674.6";"Servicios de restaurante, cafetería en teatros y demás espectáculos"
"1.674.7";"Servicios que se prestan en parques o recintos feriales"
"1.677.1";"Otros servicios de alimentación fuera de establecimiento"
"1.677.9";"Otros servicios de alimentación propios de la restauración"
"1.687.1";"Campamentos turísticos de lujo"
"1.687.2";"Campamentos turísticos de primera clase"
"1.687.3";"Campamentos turísticos de segunda clase"
"1.687.4";"Campamentos turísticos de tercera clase"
"1.691.1";"Reparación de artículos eléctricos para el hogar"
"1.691.2";"Reparación de vehículos automóviles, bicicletas y otros vehículos"
"1.691.9";"Reparación de otros bienes de consumo n.c.o.p"
"1.711.1";"Transporte ferroviario de viajeros por vía normal"
"1.711.2";"Transporte ferroviario de mercancías por vía normal"
"1.712.1";"Transporte ferroviario de viajeros por vía estrecha"
"1.712.2";"Transporte ferroviario de mercancías por vía estrecha"
"1.721.1";"Transporte urbano colectivo"
"1.721.2";"Transporte por autotaxis"
"1.721.3";"Transporte de viajeros por carretera"
"1.729.1";"Servicios de transporte por ferrocarril de cremallera"
"1.729.2";"Servicios de transporte por teleféricos y funiculares"
"1.729.3";"Otros servicios de transportes terrestres n.c.o.p"
"1.731.1";"Transporte marítimo internacional de pasajeros"
"1.731.2";"Transporte marítimo internacional de mercancías"
"1.732.1";"Transporte marítimo internacional de productos petrolíferos y gases"
"1.732.2";"Transporte de cabotaje de productos petrolíferos y gases"
"1.732.3";"Transporte por vías navegables interiores de productos petrolíferos"
"1.733.1";"Transporte de cabotaje y por vías navegables interiores de viajeros"
"1.733.2";"Transporte de cabotaje y por vías navegables interiores de mercancías"
"1.733.3";"Servicios de transbordadores, ferry-boats y análogos"
"1.733.4";"Transporte marítimo de pasajeros mediante jet-foil y similares"
"1.741.1";"Transporte aéreo nacional de viajeros (servicios regulares)"
"1.741.2";"Transporte aéreo nacional de mercancías (servicios regulares)"
"1.741.3";"Transporte aéreo internacional de viajeros (servicios regulares)"
"1.741.4";"Transporte aéreo internacional de mercancías (servicios regulares)"
"1.742.1";"Transporte aéreo nacional de viajeros (servicios no regulares)"
"1.742.2";"Transporte aéreo nacional de mercancías (servicios no regulares)"
"1.742.3";"Transporte aéreo internacional de viajeros (servicios no regulares)"
"1.742.4";"Transporte aéreo internacional de mercancías (servicios no regulares)"
"1.751.1";"Guarda y custodia de vehículos en garajes y locales cubiertos"
"1.751.2";"Guarda y custodia de vehículos en parkings"
"1.751.3";"Guarda y custodia de vehículos en solares"
"1.751.4";"Explotación de autopistas, carreteras, puentes y túneles peaje"
"1.751.5";"Engrase y lavado de vehículos"
"1.751.6";"Servicios de carga y descarga de mercancías"
"1.752.1";"Servicios de pilotaje y prácticos en puertos"
"1.752.2";"Servicios de transbordo de unos barcos a otros"
"1.752.3";"Servicios de remolque de navíos"
"1.752.4";"Servicio de limpieza y desinfección y similares a cargo de personal ajeno"
"1.752.5";"Servicios de salvamento y recuperación de barcos"
"1.752.6";"Servicios de carga y descarga de buques"
"1.752.7";"Servicios de explotación y mantenimiento de puertos, canales, etc"
"1.752.8";"Servicios de señales marítimas y costeras"
"1.753.1";"Terminales de líneas de transporte aéreo en aeropuertos"
"1.753.2";"Servicio de control de navegación aérea"
"1.753.3";"Servicios de hangares y estacionamiento de aeronaves"
"1.753.4";"Servicios de remolque, limpieza y mantenimiento de aeronaves"
"1.753.5";"Explotación integral de aeropuertos"
"1.753.9";"Otros servicios anexos al transporte aéreo n.c.o.p"
"1.754.1";"Depósitos y almacenes generales"
"1.754.2";"Depósitos y almacenes de vehículos"
"1.754.3";"Silos y otros almacenes de granos"
"1.754.4";"Almacenes frigoríficos"
"1.754.5";"Almacenes y depósitos de líquidos"
"1.754.6";"Guardamuebles"
"1.754.9";"Otros depósitos y almacenes especiales n.c.o.p"
"1.755.1";"Servicios a otros agencias de viajes"
"1.755.2";"Servicios prestados al público por las agencias de viajes"
"1.756.1";"Agencias de transporte, transitarios"
"1.756.2";"Consignatarios de buques"
"1.756.9";"Otros servicios de mediación de transporte"
"1.761.1";"Servicios telefónicos en domicilios particulares"
"1.761.2";"Servicios telefónicos para uso público"
"1.761.3";"Servicios telefónicos para usos especiales"
"1.769.1";"Servicios de telecomunicación con vehículos móviles, navíos"
"1.769.2";"Servicios de teletransmisión de datos"
"1.769.3";"Servicios de telecomunicación por satélites artificiales"
"1.769.9";"Otros servicios privados de telecomunicación n.c.o.p"
"1.819.1";"Instituciones de crédito"
"1.819.2";"Entidades de redescuento y crédito"
"1.819.3";"Entidades de arrendamiento financiero o leasing"
"1.819.4";"ENTIDADES DE CAMBIO DE MONEDA"
"1.819.9";"Otras entidades financieras n.c.o.p"
"1.821.1";"Entidades aseguradoras de seguros de vida"
"1.821.2";"Entidades aseguradoras de seguros de capitalización"
"1.821.3";"Entidades aseguradoras de seguros mixtos de vida y capitalización"
"1.822.1";"Entidades aseguradoras de seguros asistencia sanitaria, enfermedad y accidentes"
"1.822.2";"Entidades aseguradoras de seguros de entierro"
"1.822.3";"Entidades aseguradoras de seguros de daños materiales"
"1.822.4";"Seguros de transportes"
"1.822.9";"Entidades aseguradoras de otros seguros"
"1.831.1";"Servicios de compra-venta y contratación de valores mobiliarios"
"1.831.2";"Servicios financieros de contratación de productos"
"1.831.3";"Servicios de compensación bancaria"
"1.831.9";"Otros servicios financieros n.c.o.p"
"1.832.1";"Agencias de seguros y corredurías de seguros"
"1.832.2";"Servicios de tasación y tarificación de seguros"
"1.832.9";"Otros servicios auxiliares de seguros n.c.o.p"
"1.833.1";"Promoción de terrenos"
"1.833.2";"Promoción de edificaciones"
"1.843.1";"Servicios técnicos de ingeniería"
"1.843.2";"Servicios técnicos de arquitectura y urbanismo"
"1.843.3";"Servicios técnicos de prospecciones y estudios geológicos"
"1.843.4";"Servicios técnicos de topografía"
"1.843.5";"Servicios técnicos de delineación"
"1.843.9";"Otros servicios técnicos n.c.o.p"
"1.849.1";"Cobros de deudas y confección de facturas"
"1.849.2";"Servicios mecanográficos, taquigráficos, de reproducción de escritos"
"1.849.3";"Servicios de traducción y similares"
"1.849.4";"Servicios de custodia, seguridad y protección"
"1.849.5";"Servicios de recadería y reparto y manipulación de correspondencia"
"1.849.6";"Servicios de colocación y suministro de personal"
"1.849.7";"Servicios de gestión administrativa"
"1.849.8";"Multiservicios intensivos en personal"
"1.849.9";"Otros servicios independientes n.c.o.p"
"1.855.1";"Alquiler de aeronaves de todas clases"
"1.855.2";"Alquiler de embarcaciones"
"1.855.3";"Alquiler de bicicletas"
"1.855.9";"Alquiler de otros medios de transporte n.c.o.p"
"1.856.1";"Alquiler de bienes de consumo"
"1.856.2";"Alquiler de películas de vídeo"
"1.857.1";"Alquiler de aparatos de pesar y medir"
"1.857.2";"Servicio de pesa a medida sin alquiler del aparato"
"1.857.3";"Alquiler de contadores para automóviles"
"1.857.4";"Alquiler, lectura y conservación de contadores de energia eléctrica"
"1.857.5";"Lectura y conservación a tanto alzado de contadores de energía eléctrica"
"1.857.6";"Alquiler, lectura y conservación de contadores de gas"
"1.857.7";"Lectura y conservación a tanto alzado de contadores de gas"
"1.857.8";"Alquiler, lectura y conservación de contadores de agua"
"1.857.9";"Lectura y conservación a tanto alzado de contadores de agua"
"1.861.1";"Alquiler de viviendas"
"1.861.2";"Alquiler de locales industriales y otros alquileres n.c.o.p"
"1.921.1";"Servicios de limpieza en calles, vías públicas y jardines"
"1.921.2";"Servicios de recogida de basuras y desechos"
"1.921.3";"Exterminio de animales dañinos y desinfección"
"1.921.4";"Servicios de alcantarillado, evacuación y depuración de aguas residuales"
"1.921.5";"Servicios de incineración y eliminación de basuras y desechos"
"1.921.6";"Servicios de protección y acondicionamiento ambiental"
"1.921.7";"Servicios de protección contra incendios y accidentes"
"1.921.8";"Servicios de administración de cementerios"
"1.921.9";"Otros servicios de saneamiento y similares n.c.o.p"
"1.922.1";"Servicios de limpieza de interiores"
"1.922.2";"Servicios especializados de limpiezas (cristales, chimeneas)"
"1.931.1";"Guardería y enseñanza de educación infantil, exclusivamente"
"1.931.2";"Enseñanza de educación general básica exclusivamente"
"1.931.3";"Enseñanza de bachillerato, formación profesional exclusivamente"
"1.931.4";"Enseñanza de varias modalidades regladas"
"1.931.5";"Enseñanza de educación superior"
"1.932.1";"Enseñanza de formación y perfeccionamiento profesional no superior"
"1.932.2";"Enseñanza de formación y perfeccionamiento profesional superior"
"1.933.1";"Enseñanza de conducción de vehículos terrestres, acuáticos, etc"
"1.933.2";"Promoción de cursos y estudios en el extranjero"
"1.933.9";"Otras actividades de enseñanza tales como idiomas, mecanografía"
"1.935.1";"Colegios mayores"
"1.935.2";"Residencias de estudiantes"
"1.936.1";"Investigación en ciencias exactas y naturales"
"1.936.2";"Investigación en ciencias médicas"
"1.936.3";"Investigaciones agrarias"
"1.936.4";"Investigaciones en ciencias sociales, humanidades y jurídicas"
"1.936.5";"Investigación técnica industrial"
"1.936.9";"Otras investigaciones científicas y técnicas n.c.o.p"
"1.941.1";"Hospitales generales"
"1.941.2";"Hospitales especializados (quirúrgicos, maternidades, psiquiátricos)"
"1.942.1";"Consultorios médicos, centros de socorro sanitarios y urgencias"
"1.942.2";"Balnearios y baños"
"1.942.9";"Otros servicios sanitarios sin internados, no clasificados"
"1.961.1";"Producción de películas cinematográficas (incluso vídeos)"
"1.961.2";"Doblaje y montaje de películas"
"1.961.3";"Decoraciones escénicas para películas"
"1.962.1";"Distribución y venta de películas"
"1.962.2";"Distribución y venta al por mayor de películas en soporte de cinta magnética"
"1.963.1";"Exhibición de películas cinematográficas y vídeos en cines"
"1.963.2";"Exhibición de películas y vídeos y vídeos al aire libre"
"1.963.3";"Exhibición de películas y vídeos fuera de establecimiento permanente"
"1.963.4";"Exhibición de películas en establecimientos no especificados anteriormente"
"1.964.1";"Servicios de radiodifusión"
"1.964.2";"Servicios de televisión"
"1.964.3";"Servicios de enlace y transmisión de señales de televisión"
"1.965.1";"Espectáculos en salas y locales (excepto los taurinos)"
"1.965.2";"Espectáculos al aire libre (excepto los taurinos)"
"1.965.3";"Espectáculos fuera de establecimiento permanente (excepto los taurinos)"
"1.965.4";"Empresas de espectáculos"
"1.965.5";"Espectáculos taurinos"
"1.966.1";"Bibliotecas y museos"
"1.966.2";"Parques zoológicos, jardines botánicos y similares"
"1.966.9";"Otros servicios culturales n.c.o.p"
"1.967.1";"Instalaciones deportivas"
"1.967.2";"Escuelas y servicios de perfeccionamiento del deporte"
"1.967.3";"Alquiler de artículos para deporte en instalaciones deportivas"
"1.968.1";"Instalaciones para la celebración de espectáculos deportivos"
"1.968.2";"Organización de espectáculos deportivos"
"1.968.3";"Organización de espectáculos deportivos por federación o clubs no profesionales"
"1.969.1";"Salas de baile y discotecas"
"1.969.2";"Casinos de juego"
"1.969.3";"Juego de bingo"
"1.969.411";"Máquinas recreativas tipo A, titular del establecimiento"
"1.969.412";"Máquinas recreativas tipo A, propietario de la máquina"
"1.969.421";"Máquinas recreativas tipo B, titular del establecimiento"
"1.969.422";"Máquinas recreativas tipo B, propietario de la máquina"
"1.969.431";"Máquinas recreativas tipo C, titular del establecimiento"
"1.969.432";"Máquinas recreativas tipo C, propietario de la máquina"
"1.969.5";"Juegos de billar, ping-pong, bolos y otros"
"1.969.6";"Salones recreativos y de juegos"
"1.969.7";"Otras máquinas automáticas"
"1.971.1";"Tinte, limpieza en seco, lavado y planchado de ropas"
"1.971.2";"Limpieza y teñido de calzado"
"1.971.3";"Zurcido y reparación de ropas"
"1.972.1";"Servicios de peluquería de señoras y caballeros"
"1.972.2";"Salones e institutos de belleza y gabinetes de estética"
"1.973.1";"Servicios fotográficos"
"1.973.21";"Máquinas fotográficas y copia de documentos, titular establecimiento"
"1.973.22";"Máquinas fotográficas, propietario de la máquina"
"1.973.3";"Servicios de copias de documentos con máquina fotocopiadora"
"1.979.1";"Servicios de pompas fúnebres"
"1.979.2";"Adorno de templos y otros locales"
"1.979.3";"Agencias matrimoniales y otros servicios de relaciones sociales"
"1.979.4";"Adiestramiento de animales y otros servicios de atención de animales"
"1.979.9";"Otros servicios personales n.c.o.p"
"1.981.1";"Curiosidades en parques, castillos, grutas, cuevas, etc"
"1.981.2";"Jardines de recreo en los que la entrada es por precio"
"1.981.3";"Parques de atracciones, incluidos los acuáticos"
"1.982.1";"Tómbolas y rifas autorizadas en establecimiento permanente"
"1.982.2";"Tómbolas y rifas autorizadas fuera de establecimiento permanente"
"1.982.3";"Exposición de figuras de cera en establecimiento permanente"
"1.982.4";"Otras atracciones propias de ferias y verbena fuera de establecimiento"
"1.982.5";"Organización y celebración de apuestas deportivas, loterías"
"1.989.1";"Exhibición de billetes espectáculos públicos"
"1.989.2";"Servicios de organización de congresos, asambleas y similares"
"1.989.3";"Parques o recintos feriales"
"1.721.4";"Transporte sanitario en ambulancias"
"1.655.4";"Servicios de recarga energética para vehículos eléctricos en el ámbito privado"
"1.655.5";"Servicios de recarga energética para vehículos eléctricos en el ámbito público"
"1.504.11";"Instalaciones eléctricas en general, redes telegráficas, telefonía, tv, etc"
"1.504.12";"Instalaciones eléctricas en toda clase de edificios"
"2.451";"Ingenieros en geodesia y cartografía"
"1.854.1";"Alquiler de automóviles sin conductor"
"1.848";"Servicios integrales de correos y telecomunicaciones"
"1.819.6";"ENTIDADES DE CAMBIO DE MONEDA"
"1.320";"INTERPRETES DE INSTRUMENTOS MUSICALES"
"1.675.1";"SERVICIOS EN QUIOSCOS, CAJONES, BARRACAS, AL AIRE LIBRE EN LA VIA PUBLICA"
"1.673";"Servicios en cafes y bares"
"1.833.21";"Promoción de edificaciones - Cuota fija"
"1.931.6";"ENSEñANZAS DE REGIMEN ESPECIAL (ARTISTICA,IDIOMAS)"
"1.210";"TECNICOS EN BIOLOGIA,AGRONOMIA,SILVICULTURA"
"1.683.10";"SERVICIO DE HOSTELERIA EN FONDAS Y CASAS DE HUESPEDES"
"1.151.60";"COMERCIALIZACION DE ENERGIA ELECTRICA"
"1.152.20";"COMERCIALIZACIóN DE GAS"
"1.151.6";"COMERCIALIZACION DE ENERGIA ELECTRICA"
"1.152.2";"COMERCIALIZACION DE GAS"
"1.115.16";"COMERCIALIZACION ENERGIA ELECTRICA"
"1.115.22";"COMERCIALIZACION DE GAS"
"1.184.32";"SERV. TEC. DE ARQUITECTURA"
"1.183.4";"SERV. PROPIEDAD INMOBILIARIA E INDUSTRIA"
"1.184.31";"SERVICIOS TECNICOS DE INGENIERIA"
"1.150.41";"INSTALACIONES ELECTRICAS EN GENERAL"
"1.184.94";"SERV. CUSTODIA, SEGURIDAD Y PROTECCION"
"1.150.11";"CONSTRUCCION COMPLETA, REPAR. Y CONSERV."
"1.184.39";"OTROS SERVICIOS TECNICOS NCOP"
"1.150.23";"CONSOLID. Y PREP. TERRENOS OBRAS CIVILES"
"1.167.79";"OTROS SERV. ALIMENTACION - RESTAURACION"
"1.161.79";"COM.MAY.INTERINDUSTRIAL EXCEP. QUIMICA"
"1.161.92";"COM.MAY. INSTRUM. MEDICOS Y ORTOPEDICOS"
"1.163.1";"Intermediarios del comercio"
"1.165.53";"COM.MEN.CARBURANTES Y ACEITES VEHICULOS"
"1.165.45";"COM.MEN.DE TODA CLASE DE MAQUINARIA"
"1.169.2";"REPARACION DE MAQUINARIA INDUSTRIAL"
"1.184.99";"OTROS SERVICIOS INDEPENDIENTES NCOP"
"1.183.32";"PROMOCION DE EDIFICACIONES"
"1.150.43";"INSTALACIONES FRIO Y CALOR"
"1.161.96";"COM.MAY. LIBROS, PERIODICOS Y REVISTAS"
"1.184.2";"Servicios financieros y contables"
"1.164.75";"PTOS.ALIMENTICIOS Y BEB. MAQUINAS"
"1.164.71";"COM.MEN.PTOS.ALIMENTICIOS Y BEBIDAS"
